Workbook

Sheet Sheet1
A1: Name | B1: Recombination-resistant strong terminators | C1: Recombination-resistant medium terminators | D1: Scaffold 1 | E1: Sequence | F1: Average Uninduced GFP | G1: Average Induced GFP | H1: Average Uninduced RFP | I1: Average Induced RFP | J1: Average GFP/RFP | K1: Average Strength | L1: Standard Deviation of Uninduced GFP | M1: Standard Deviation of Induced GFP | N1: Standard Deviation of Uninduced RFP | O1: Standard Deviation of Induced RFP | P1: Standard Deviation of GFP/RFP | Q1: Standard Deviation of Strength | R1: A-tract | S1: Hairpin | T1: Structure | U1: Loop | V1: U-tract | W1: ∆GU | X1: ∆GL | Y1: ∆GH | Z1: ∆GA | AA1: ∆GB | AB1: Predicted TS
A2: L3S2P21 | B2: X | C2: X | E2: CTCGGTACCAAATTCCAGAAAAGAGGCCTCCCGAAAGGGGGGCCTTTTTTCGTTTTGGTCC | F2: 70.533333 | G2: 21100 | H2: 16.693333 | I2: 27.95 | J2: 760.43846 | K2: 382.12988 | L2: 9.5143751 | M2: 5374.0115 | N2: 16.261692 | O2: 8.4145707 | P2: 36.663743 | Q2: 18.423991 | R2: AGAAAAGA | S2: GGCCUCCCGAAAGGGGGGCC | T2: ((((((((....)))))))) | U2: GAAA | V2: UUUUUUCGUUUU | W2: -1.132615 | X2: 0.4 | Y2: -19.8 | Z2: -9.1 | AA2: -10 | AB2: =1+1/(0.005*EXP(0.6*X2)+6*EXP(0.45*(Z2+AA2-W2))*(1+0.005*EXP(0.6*X2))) -> 122.71143
A3: L3S2P56 | E3: CTCGGTACCAAATTTTCGAAAAAAGACGCTGAAAAGCGTCTTTTTTCGTTTTGGTCC | F3: 67 | G3: 15900 | H3: 8.33 | I3: 22.6 | J3: 703.53982 | K3: 353.5376 | L3: 7.9903066 | M3: 1484.9242 | N3: 0.25455844 | O3: 2.3334524 | P3: 6.0522175 | Q3: 3.0413153 | R3: CGAAAAAA | S3: GACGCUGAAAAGCGUC | T3: ((((((....)))))) | U3: GAAA | V3: UUUUUUCGUUUU | W3: -1.132615 | X3: 2.7 | Y3: -9.8 | Z3: -11.4 | AA3: -7 | AB3: =1+1/(0.005*EXP(0.6*X3)+6*EXP(0.45*(Z3+AA3-W3))*(1+0.005*EXP(0.6*X3))) -> 36.891312
A4: L3S2P51 | E4: CTCGGTACCAAAAAAAAAAAAAAAGACGCTGAAAAGCGTCTTTTTTCGTTTTGGTCC | F4: 76.933333 | G4: 24833.333 | H4: 7.6566667 | I4: 40.366667 | J4: 615.94141 | K4: 309.5183 | L4: 7.9324229 | M4: 3350.1244 | N4: 0.83978172 | O4: 5.8346665 | P4: 23.067261 | Q4: 11.591588 | R4: AAAAAAAA | S4: GACGCUGAAAAGCGUC | T4: ((((((....)))))) | U4: GAAA | V4: UUUUUUCGUUUU | W4: -1.132615 | X4: 2.7 | Y4: -9.8 | Z4: -6.1 | AA4: -7 | AB4: =1+1/(0.005*EXP(0.6*X4)+6*EXP(0.45*(Z4+AA4-W4))*(1+0.005*EXP(0.6*X4))) -> 19.705432
A5: L3S1P56 | D5: X | E5: TTTTCGAAAAAAGGCCTCCCAAATCGGGGGGCCTTTTTTATTGATAACAAAA | F5: 74.166667 | G5: 21433.333 | H5: 8.7733333 | I5: 35.266667 | J5: 608.93471 | K5: 305.99734 | L5: 19.161507 | M5: 6436.0961 | N5: 1.4331899 | O5: 10.960079 | P5: 16.9618 | Q5: 8.5235176 | R5: CGAAAAAA | S5: GGCCUCCCAAAUCGGGGGGCC | T5: ((((((((.....)))))))) | U5: AAAUC | V5: UUUUUUAUUGAU | W5: 0.56495 | X5: 4.1 | Y5: -16.1 | Z5: -6.1 | AA5: -10 | AB5: =1+1/(0.005*EXP(0.6*X5)+6*EXP(0.45*(Z5+AA5-W5))*(1+0.005*EXP(0.6*X5))) -> 17.118765
A6: L3S3P41 | C6: X | E6: AAAAAAAAAAAACACCCTAACGGGTGTTTTTTTTTTTTTGGTCTCCC | F6: 78.133333 | G6: 21066.667 | H6: 7.91 | I6: 37.633333 | J6: 560.98451 | K6: 281.90176 | L6: 7.0599811 | M6: 2010.8042 | N6: 1.1186152 | O6: 3.9878984 | P6: 33.492115 | Q6: 16.830208 | R6: AAAAAAAA | S6: CACCCUAACGGGUG | T6: (((((....))))) | U6: UAAC | V6: UUUUUUUUUUUU | W6: 1.635805 | X6: 2.2 | Y6: -8.7 | Z6: -8 | AA6: -7.6 | AB6: =1+1/(0.005*EXP(0.6*X6)+6*EXP(0.45*(Z6+AA6-W6))*(1+0.005*EXP(0.6*X6))) -> 47.873772
A7: L3S3P51 | E7: AAAAAAAAAAAACACCCTAACGGGTGTTTTTTTGTTTCTGGTCTCCC | F7: 71.2 | G7: 21000 | H7: 8.58 | I7: 37.5 | J7: 560 | K7: 281.40704 | L7: 9.1923882 | M7: 3252.6912 | N7: 0.57275649 | O7: 16.122035 | P7: 95.781894 | Q7: 48.131605 | R7: AAAAAAAA | S7: CACCCUAACGGGUG | T7: (((((....))))) | U7: UAAC | V7: UUUUUUUGUUUC | W7: 0.254605 | X7: 2.2 | Y7: -8.7 | Z7: -7.1 | AA7: -7.6 | AB7: =1+1/(0.005*EXP(0.6*X7)+6*EXP(0.45*(Z7+AA7-W7))*(1+0.005*EXP(0.6*X7))) -> 39.429645
A8: L3S1P52 | D8: X | E8: TCTAACTAAAAAGGCCTCCCAAATCGGGGGGCCTTTTTTATTGATAACAAAA | F8: 58.65 | G8: 17468.75 | H8: 6.6175 | I8: 30.975 | J8: 554.29636 | K8: 278.54088 | L8: 26.181227 | M8: 6803.5951 | N8: 1.0586902 | O8: 10.166407 | P8: 56.092211 | Q8: 28.187041 | R8: ACUAAAAA | S8: GGCCUCCCAAAUCGGGGGGCC | T8: ((((((((.....)))))))) | U8: AAAUC | V8: UUUUUUAUUGAU | W8: 0.56495 | X8: 4.1 | Y8: -16.1 | Z8: -5.2 | AA8: -10 | AB8: =1+1/(0.005*EXP(0.6*X8)+6*EXP(0.45*(Z8+AA8-W8))*(1+0.005*EXP(0.6*X8))) -> 16.67527
A9: L3S2P41 | C9: X | E9: CTCGGTACCAAAAAAAAAAAAAAAGACGCTGAAAAGCGTCTTTTTTTTTTTTGGTCC | F9: 56.866667 | G9: 15574 | H9: 7.4266667 | I9: 29.6 | J9: 549.10639 | K9: 275.93286 | L9: 3.3857545 | M9: 5149.6435 | N9: 1.0128343 | O9: 13.856767 | P9: 88.319007 | Q9: 44.38141 | R9: AAAAAAAA | S9: GACGCUGAAAAGCGUC | T9: ((((((....)))))) | U9: GAAA | V9: UUUUUUUUUUUU | W9: 1.635805 | X9: 2.7 | Y9: -9.8 | Z9: -7.9 | AA9: -7 | AB9: =1+1/(0.005*EXP(0.6*X9)+6*EXP(0.45*(Z9+AA9-W9))*(1+0.005*EXP(0.6*X9))) -> 35.633024
A10: L3S2P22 | E10: CTCGGTACCAAATTCCAGAAAAGAGGCCGCGAAAGCGGCCTTTTTTCGTTTTGGTCC | F10: 70.2 | G10: 17200 | H10: 7.85 | I10: 31.9 | J10: 539.18495 | K10: 270.94721 | L10: 4.4547727 | M10: 6989.0434 | N10: 0.10606602 | O10: 14.919953 | P10: 283.65392 | Q10: 142.53966 | R10: AGAAAAGA | S10: GGCCGCGAAAGCGGCC | T10: ((((((....)))))) | U10: GAAA | V10: UUUUUUCGUUUU | W10: -1.132615 | X10: 0.4 | Y10: -15.4 | Z10: -9.1 | AA10: -10 | AB10: =1+1/(0.005*EXP(0.6*X10)+6*EXP(0.45*(Z10+AA10-W10))*(1+0.005*EXP(0.6*X10))) -> 122.71143
A11: L3S2P11 | B11: X | C11: X | E11: CTCGGTACCAAATTCCAGAAAAGAGACGCTTTCGAGCGTCTTTTTTCGTTTTGGTCC | F11: 58.775 | G11: 16595.5 | H11: 7.62 | I11: 31.45 | J11: 520.48133 | K11: 261.54841 | L11: 20.379953 | M11: 5727.8572 | N11: 1.8494864 | O11: 8.5582319 | P11: 75.560073 | Q11: 37.969886 | R11: AGAAAAGA | S11: GACGCUUUCGAGCGUC | T11: ((((((....)))))) | U11: UUCG | V11: UUUUUUCGUUUU | W11: -1.132615 | X11: 5.1 | Y11: -7.4 | Z11: -9.1 | AA11: -7 | AB11: =1+1/(0.005*EXP(0.6*X11)+6*EXP(0.45*(Z11+AA11-W11))*(1+0.005*EXP(0.6*X11))) -> 9.7315526
A12: L3S2P55 | B12: X | E12: CTCGGTACCAAAGACGAACAATAAGACGCTGAAAAGCGTCTTTTTTCGTTTTGGTCC | F12: 62.225 | G12: 27975 | H12: 7.24 | I12: 55.65 | J12: 508.76679 | K12: 255.6617 | L12: 18.648928 | M12: 5395.9089 | N12: 0.64161255 | O12: 10.303559 | P12: 104.1225 | Q12: 52.322863 | R12: AACAAUAA | S12: GACGCUGAAAAGCGUC | T12: ((((((....)))))) | U12: GAAA | V12: UUUUUUCGUUUU | W12: -1.132615 | X12: 2.7 | Y12: -9.8 | Z12: -2.5 | AA12: -7 | AB12: =1+1/(0.005*EXP(0.6*X12)+6*EXP(0.45*(Z12+AA12-W12))*(1+0.005*EXP(0.6*X12))) -> 6.9617102
A13: L3S3P21 | B13: X | C13: X | E13: CCAATTATTGAAGGCCTCCCTAACGGGGGGCCTTTTTTTGTTTCTGGTCTCCC | F13: 85.4 | G13: 23266.667 | H13: 7.7266667 | I13: 47.866667 | J13: 490.71954 | K13: 246.59273 | L13: 11.407015 | M13: 2157.1586 | N13: 0.72590174 | O13: 8.0307741 | P13: 41.802205 | Q13: 21.006133 | R13: UUAUUGAA | S13: GGCCUCCCUAACGGGGGGCC | T13: ((((((((....)))))))) | U13: UAAC | V13: UUUUUUUGUUUC | W13: 0.254605 | X13: 2.2 | Y13: -18 | Z13: -3.8 | AA13: -10 | AB13: =1+1/(0.005*EXP(0.6*X13)+6*EXP(0.45*(Z13+AA13-W13))*(1+0.005*EXP(0.6*X13))) -> 34.705534
A14: L3S3P56 | E14: TTTTCGAAAAAACACCCTAACGGGTGTTTTTTTGTTTCTGGTCTCCC | F14: 75.4 | G14: 15300 | H14: 10.2 | I14: 31.4 | J14: 487.26115 | K14: 244.85485 | L14: 2.8284271 | M14: 848.52814 | N14: 1.2020815 | O14: 5.8689863 | P14: 93.40698 | Q14: 46.938181 | R14: CGAAAAAA | S14: CACCCUAACGGGUG | T14: (((((....))))) | U14: UAAC | V14: UUUUUUUGUUUC | W14: 0.254605 | X14: 2.2 | Y14: -8.7 | Z14: -9.4 | AA14: -7.6 | AB14: =1+1/(0.005*EXP(0.6*X14)+6*EXP(0.45*(Z14+AA14-W14))*(1+0.005*EXP(0.6*X14))) -> 47.922257
A15: L3S2P52 | E15: CTCGGTACCAAATCTAACTAAAAAGACGCTGAAAAGCGTCTTTTTTCGTTTTGGTCC | F15: 63.95 | G15: 17950 | H15: 7.695 | I15: 36.15 | J15: 487.12981 | K15: 244.78885 | L15: 41.931432 | M15: 10677.312 | N15: 2.397092 | O15: 2.6162951 | P15: 260.10614 | Q15: 130.7066 | R15: ACUAAAAA | S15: GACGCUGAAAAGCGUC | T15: ((((((....)))))) | U15: GAAA | V15: UUUUUUCGUUUU | W15: -1.132615 | X15: 2.7 | Y15: -9.8 | Z15: -5.2 | AA15: -7 | AB15: =1+1/(0.005*EXP(0.6*X15)+6*EXP(0.45*(Z15+AA15-W15))*(1+0.005*EXP(0.6*X15))) -> 15.806432
A16: L3S1P51 | D16: X | E16: AAAAAAAAAAAAGGCCTCCCAAATCGGGGGGCCTTTTTTATTGATAACAAAA | F16: 77.333333 | G16: 18666.667 | H16: 7.6433333 | I16: 39.6 | J16: 471.07826 | K16: 236.72274 | L16: 10.864775 | M16: 8857.3886 | N16: 1.5614203 | O16: 8.3624159 | P16: 191.36342 | Q16: 96.162524 | R16: AAAAAAAA | S16: GGCCUCCCAAAUCGGGGGGCC | T16: ((((((((.....)))))))) | U16: AAAUC | V16: UUUUUUAUUGAU | W16: 0.56495 | X16: 4.1 | Y16: -16.1 | Z16: -6.1 | AA16: -10 | AB16: =1+1/(0.005*EXP(0.6*X16)+6*EXP(0.45*(Z16+AA16-W16))*(1+0.005*EXP(0.6*X16))) -> 17.118765
A17: L3S2P13 | E17: CTCGGTACCAAATTCCAGAAAAGAGACGCTTAACAGCGTCTTTTTTCGTTTTGGTCC | F17: 59.3 | G17: 12600 | H17: 8.12 | I17: 26.8 | J17: 470.14925 | K17: 236.25591 | L17: 8.131728 | M17: 636.3961 | N17: 1.1808683 | O17: 9.4752309 | P17: 94.984493 | Q17: 47.730901 | R17: AGAAAAGA | S17: GACGCUUAACAGCGUC | T17: ((((((....)))))) | U17: UAAC | V17: UUUUUUCGUUUU | W17: -1.132615 | X17: 5.5 | Y17: -7 | Z17: -9.1 | AA17: -7 | AB17: =1+1/(0.005*EXP(0.6*X17)+6*EXP(0.45*(Z17+AA17-W17))*(1+0.005*EXP(0.6*X17))) -> 7.9609384
A18: L3S3P22 | B18: X | C18: X | E18: CCAATTATTGAAGGCCGCTAACGCGGCCTTTTTTTGTTTCTGGTCTCCC | F18: 68.733333 | G18: 12966.667 | H18: 7.62 | I18: 28.5 | J18: 460.9382 | K18: 231.62724 | L18: 20.412333 | M18: 1106.044 | N18: 0.81461647 | O18: 4.9112117 | P18: 55.842554 | Q18: 28.061585 | R18: UUAUUGAA | S18: GGCCGCUAACGCGGCC | T18: ((((((....)))))) | U18: UAAC | V18: UUUUUUUGUUUC | W18: 0.254605 | X18: 2.2 | Y18: -13.6 | Z18: -3.8 | AA18: -10 | AB18: =1+1/(0.005*EXP(0.6*X18)+6*EXP(0.45*(Z18+AA18-W18))*(1+0.005*EXP(0.6*X18))) -> 34.705534
A19: L3S1P53 | D19: X | E19: CCAATTATTGAAGGCCTCCCAAATCGGGGGGCCTTTTTTATTGATAACAAAA | F19: 88.533333 | G19: 23700 | H19: 8.65 | I19: 53.233333 | J19: 450.72835 | K19: 226.49666 | L19: 8.597868 | M19: 4731.8073 | N19: 1.6290795 | O19: 13.587617 | P19: 35.129998 | Q19: 17.653266 | R19: UUAUUGAA | S19: GGCCUCCCAAAUCGGGGGGCC | T19: ((((((((.....)))))))) | U19: AAAUC | V19: UUUUUUAUUGAU | W19: 0.56495 | X19: 4.1 | Y19: -16.1 | Z19: -4.3 | AA19: -10 | AB19: =1+1/(0.005*EXP(0.6*X19)+6*EXP(0.45*(Z19+AA19-W19))*(1+0.005*EXP(0.6*X19))) -> 16.054249
A20: L3S3P00 | B20: X | C20: X | E20: CCAATTATTGAAGGGGAGCGGGAAACCGCTCCCCTTTTTTTGTTTCTGGTCTCCC | F20: 64.5 | G20: 18750 | H20: 7.1975 | I20: 42.225 | J20: 440.89193 | K20: 221.55373 | L20: 22.432566 | M20: 4215.4478 | N20: 1.1620492 | O20: 6.1748819 | P20: 58.098776 | Q20: 29.195365 | R20: UUAUUGAA | S20: GGGGAGCGGGAAACCGCUCCCC | T20: (((((((((....))))))))) | U20: GAAA | V20: UUUUUUUGUUUC | W20: 0.254605 | X20: 0.2 | Y20: -23.3 | Z20: -3.8 | AA20: -9.9 | AB20: =1+1/(0.005*EXP(0.6*X20)+6*EXP(0.45*(Z20+AA20-W20))*(1+0.005*EXP(0.6*X20))) -> 60.010657
A21: L3S2P53 | E21: CTCGGTACCAAACCAATTATTGAAGACGCTGAAAAGCGTCTTTTTTCGTTTTGGTCC | F21: 82 | G21: 21900 | H21: 8.1533333 | I21: 50.866667 | J21: 433.52756 | K21: 217.85304 | L21: 8.0517079 | M21: 3686.4617 | N21: 0.28005952 | O21: 11.065412 | P21: 21.897415 | Q21: 11.003726 | R21: UUAUUGAA | S21: GACGCUGAAAAGCGUC | T21: ((((((....)))))) | U21: GAAA | V21: UUUUUUCGUUUU | W21: -1.132615 | X21: 2.7 | Y21: -9.8 | Z21: -3.8 | AA21: -7 | AB21: =1+1/(0.005*EXP(0.6*X21)+6*EXP(0.45*(Z21+AA21-W21))*(1+0.005*EXP(0.6*X21))) -> 10.556827
A22: L3S2P15 | E22: CTCGGTACCAAATTCCAGAAAAGAGACGCTTTTAGAGCGTCTTTTTTCGTTTTGGTCC | F22: 56.75 | G22: 15893.25 | H22: 7.075 | I22: 36.325 | J22: 431.0425 | K22: 216.60427 | L22: 15.084319 | M22: 4346.6748 | N22: 1.3829799 | O22: 6.1554177 | P22: 60.428616 | Q22: 30.366139 | R22: AAAAGAGA | S22: CGCUUUUAGAGCG | T22: (((((...))))) | U22: UUA | V22: UCUUUUUUCGUU | W22: -0.330725 | X22: 6.2 | Y22: -3 | Z22: -10.8 | AA22: -7.9 | AB22: =1+1/(0.005*EXP(0.6*X22)+6*EXP(0.45*(Z22+AA22-W22))*(1+0.005*EXP(0.6*X22))) -> 5.8034753
A23: L3S2P31 | E23: CTCGGTACCAAATTCCAGAAAAGAGACGCTGAAAAGCGTCTTTTTTTTTTTTGGTCC | F23: 61.825 | G23: 15011.5 | H23: 7.1725 | I23: 40.1 | J23: 372.91871 | K23: 187.39634 | L23: 23.009473 | M23: 5380.9908 | N23: 1.5868496 | O23: 14.035194 | P23: 53.108488 | Q23: 26.687682 | R23: AGAAAAGA | S23: GACGCUGAAAAGCGUC | T23: ((((((....)))))) | U23: GAAA | V23: UUUUUUUUUUUU | W23: 1.635805 | X23: 2.7 | Y23: -9.8 | Z23: -8.1 | AA23: -7 | AB23: =1+1/(0.005*EXP(0.6*X23)+6*EXP(0.45*(Z23+AA23-W23))*(1+0.005*EXP(0.6*X23))) -> 36.009622
A24: L3S1P13 | B24: X | C24: X | D24: X | E24: GACGAACAATAAGGCCTCCCTAACGGGGGGCCTTTTTTATTGATAACAAAA | F24: 49.033333 | G24: 13019 | H24: 14.566667 | I24: 35.6 | J24: 354.09794 | K24: 177.93867 | L24: 23.76475 | M24: 6150.2913 | N24: 0.89628864 | O24: 5.9025418 | P24: 109.76405 | Q24: 55.157812 | R24: AACAAUAA | S24: GGCCUCCCUAACGGGGGGCC | T24: ((((((((....)))))))) | U24: UAAC | V24: UUUUUUAUUGAU | W24: 0.56495 | X24: 2.2 | Y24: -18 | Z24: -2.5 | AA24: -10 | AB24: =1+1/(0.005*EXP(0.6*X24)+6*EXP(0.45*(Z24+AA24-W24))*(1+0.005*EXP(0.6*X24))) -> 28.922914
A25: L3S3P11 | B25: X | C25: X | E25: CCAATTATTGAACACCCTTCGGGGTGTTTTTTTGTTTCTGGTCTCCC | F25: 60.75 | G25: 15290 | H25: 7.755 | I25: 43.1 | J25: 343.47133 | K25: 172.59866 | L25: 33.728993 | M25: 8358.0022 | N25: 2.3688077 | O25: 7.0710678 | P25: 137.5706 | Q25: 69.130957 | R25: UUAUUGAA | S25: CACCCUUCGGGGUG | T25: (((((....))))) | U25: UUCG | V25: UUUUUUUGUUUC | W25: 0.254605 | X25: 0.8 | Y25: -10.1 | Z25: -3.9 | AA25: -7.6 | AB25: =1+1/(0.005*EXP(0.6*X25)+6*EXP(0.45*(Z25+AA25-W25))*(1+0.005*EXP(0.6*X25))) -> 26.914513
A26: L3S3P23 | B26: X | C26: X | E26: CCAATTATTGAAGACGCTTAACAGCGTCTTTTTTTGTTTCTGGTCTCCC | F26: 65.475 | G26: 15534.5 | H26: 8.125 | I26: 45.8 | J26: 334.67936 | K26: 168.18058 | L26: 16.383401 | M26: 7575.0266 | N26: 1.9708289 | O26: 5.0892043 | P26: 146.85642 | Q26: 73.797198 | R26: UUAUUGAA | S26: GACGCUUAACAGCGUC | T26: ((((((....)))))) | U26: UAAC | V26: UUUUUUUGUUUC | W26: 0.254605 | X26: 5.5 | Y26: -7 | Z26: -3.8 | AA26: -7 | AB26: =1+1/(0.005*EXP(0.6*X26)+6*EXP(0.45*(Z26+AA26-W26))*(1+0.005*EXP(0.6*X26))) -> 6.4748414
A27: L3S1P12 | D27: X | E27: GACGAACAATAAGGCCTCCCGAAAGGGGGGCCTTTTTTATTGATAACAAAA | F27: 74.366667 | G27: 17533.333 | H27: 16.166667 | I27: 54.033333 | J27: 331.33093 | K27: 166.49796 | L27: 12.461675 | M27: 5173.329 | N27: 3.592121 | O27: 20.772658 | P27: 26.782008 | Q27: 13.458295 | R27: AACAAUAA | S27: GGCCUCCCGAAAGGGGGGCC | T27: ((((((((....)))))))) | U27: GAAA | V27: UUUUUUAUUGAU | W27: 0.56495 | X27: 0.4 | Y27: -19.8 | Z27: -2.5 | AA27: -10 | AB27: =1+1/(0.005*EXP(0.6*X27)+6*EXP(0.45*(Z27+AA27-W27))*(1+0.005*EXP(0.6*X27))) -> 44.020773
A28: L3S3P52 | E28: TCTAACTAAAAACACCCTAACGGGTGTTTTTTTGTTTCTGGTCTCCC | F28: 75 | G28: 18300 | H28: 9.38 | I28: 56.2 | J28: 325.62278 | K28: 163.62954 | L28: 9.9702056 | M28: 3606.2446 | N28: 0.79195959 | O28: 3.6769553 | P28: 78.233631 | Q28: 39.313383 | R28: ACUAAAAA | S28: CACCCUAACGGGUG | T28: (((((....))))) | U28: UAAC | V28: UUUUUUUGUUUC | W28: 0.254605 | X28: 2.2 | Y28: -8.7 | Z28: -5.3 | AA28: -7.6 | AB28: =1+1/(0.005*EXP(0.6*X28)+6*EXP(0.45*(Z28+AA28-W28))*(1+0.005*EXP(0.6*X28))) -> 29.460121
A29: L3S3P12 | E29: CCAATTATTGAACACCCGAAAGGGTGTTTTTTTGTTTCTGGTCTCCC | F29: 66.633333 | G29: 17566.667 | H29: 8.6566667 | I29: 56.066667 | J29: 313.48164 | K29: 157.52846 | L29: 12.911365 | M29: 642.91005 | N29: 1.2608066 | O29: 2.5540817 | P29: 8.7887662 | Q29: 4.4164654 | R29: UUAUUGAA | S29: CACCCGAAAGGGUG | T29: (((((....))))) | U29: GAAA | V29: UUUUUUUGUUUC | W29: 0.254605 | X29: 0.4 | Y29: -10.5 | Z29: -3.9 | AA29: -7.6 | AB29: =1+1/(0.005*EXP(0.6*X29)+6*EXP(0.45*(Z29+AA29-W29))*(1+0.005*EXP(0.6*X29))) -> 28.164972
A30: L3S1P41 | D30: X | E30: AAAAAAAAAAAAGGCCTCCCAAATCGGGGGGCCTTTTTTTTTTTTAACAAAA | F30: 70.666667 | G30: 20833.333 | H30: 9.2066667 | I30: 68.533333 | J30: 313.4605 | K30: 157.51784 | L30: 14.15992 | M30: 7102.347 | N30: 2.3272588 | O30: 30.974398 | P30: 32.774409 | Q30: 16.469552 | R30: AAAAAAAA | S30: GGCCUCCCAAAUCGGGGGGCC | T30: ((((((((.....)))))))) | U30: AAAUC | V30: UUUUUUUUUUUU | W30: 1.635805 | X30: 4.1 | Y30: -16.1 | Z30: -7.9 | AA30: -10 | AB30: =1+1/(0.005*EXP(0.6*X30)+6*EXP(0.45*(Z30+AA30-W30))*(1+0.005*EXP(0.6*X30))) -> 17.809567
A31: L3S2P24 | B31: X | C31: X | E31: CTCGGTACCAAATTCCAGAAAAGACACCCGAAAGGGTGTTTTTTCGTTTTGGTCC | F31: 67.625 | G31: 22225 | H31: 8.15 | I31: 73.675 | J31: 300.81661 | K31: 151.16413 | L31: 17.385315 | M31: 4296.0253 | N31: 2.4579802 | O31: 10.31031 | P31: 33.518487 | Q31: 16.843461 | R31: AGAAAAGA | S31: CACCCGAAAGGGUG | T31: (((((....))))) | U31: GAAA | V31: UUUUUUCGUUUU | W31: -1.132615 | X31: 0.4 | Y31: -10.5 | Z31: -9.2 | AA31: -7.6 | AB31: =1+1/(0.005*EXP(0.6*X31)+6*EXP(0.45*(Z31+AA31-W31))*(1+0.005*EXP(0.6*X31))) -> 87.265739
A32: L3S2P14 | E32: CTCGGTACCAAATTCCAGAAAAGAGACGCTAAATCAGCGTCTTTTTTCGTTTTGGTCC | F32: 75 | G32: 18166.667 | H32: 8.23 | I32: 61.733333 | J32: 295.98569 | K32: 148.73653 | L32: 6.4210591 | M32: 2909.1809 | N32: 0.61245408 | O32: 12.302168 | P32: 14.221669 | Q32: 7.1465674 | R32: AGAAAAGA | S32: GACGCUAAAUCAGCGUC | T32: ((((((.....)))))) | U32: AAAUC | V32: UUUUUUCGUUUU | W32: -1.132615 | X32: 5.3 | Y32: -7.2 | Z32: -9.1 | AA32: -7 | AB32: =1+1/(0.005*EXP(0.6*X32)+6*EXP(0.45*(Z32+AA32-W32))*(1+0.005*EXP(0.6*X32))) -> 8.7990905
A33: L3S1P54 | D33: X | E33: TTCCAGAAAAGAGGCCTCCCAAATCGGGGGGCCTTTTTTATTGATAACAAAA | F33: 73.425 | G33: 17050 | H33: 7.215 | I33: 56.6 | J33: 290.70581 | K33: 146.08332 | L33: 11.095457 | M33: 10689.715 | N33: 1.6929166 | O33: 11.118453 | P33: 133.80686 | Q33: 67.239628 | R33: AGAAAAGA | S33: GGCCUCCCAAAUCGGGGGGCC | T33: ((((((((.....)))))))) | U33: AAAUC | V33: UUUUUUAUUGAU | W33: 0.56495 | X33: 4.1 | Y33: -16.1 | Z33: -6.2 | AA33: -10 | AB33: =1+1/(0.005*EXP(0.6*X33)+6*EXP(0.45*(Z33+AA33-W33))*(1+0.005*EXP(0.6*X33))) -> 17.159056
A34: L3S1P22 | B34: X | C34: X | D34: X | E34: GACGAACAATAAGGCCGCAAATCGCGGCCTTTTTTATTGATAACAAAA | F34: 69.733333 | G34: 16233.333 | H34: 17.366667 | I34: 67.866667 | J34: 254.83489 | K34: 128.05773 | L34: 24.949215 | M34: 3932.3445 | N34: 3.0746273 | O34: 27.637354 | P34: 85.096199 | Q34: 42.761909 | R34: AACAAUAA | S34: GGCCGCAAAUCGCGGCC | T34: ((((((.....)))))) | U34: AAAUC | V34: UUUUUUAUUGAU | W34: 0.56495 | X34: 4.1 | Y34: -11.7 | Z34: -2.5 | AA34: -10 | AB34: =1+1/(0.005*EXP(0.6*X34)+6*EXP(0.45*(Z34+AA34-W34))*(1+0.005*EXP(0.6*X34))) -> 14.108246
A35: L3S2P00 | E35: CTCGGTACCAAATTCCAGAAAAGAGGGGAGCGGGAAACCGCTCCCCTTTTTTCGTTTTGGTCC | F35: 55.175 | G35: 16166.667 | H35: 10.0525 | I35: 64.633333 | J35: 253.67277 | K35: 127.47375 | L35: 16.53025 | M35: 1594.7832 | N35: 3.3071778 | O35: 9.3001792 | P35: 42.732156 | Q35: 21.473445 | R35: AGAAAAGA | S35: GGGGAGCGGGAAACCGCUCCCC | T35: (((((((((....))))))))) | U35: GAAA | V35: UUUUUUCGUUUU | W35: -1.132615 | X35: 0.2 | Y35: -23.3 | Z35: -9.1 | AA35: -9.9 | AB35: =1+1/(0.005*EXP(0.6*X35)+6*EXP(0.45*(Z35+AA35-W35))*(1+0.005*EXP(0.6*X35))) -> 132.89808
A36: L3S1P47 | B36: X | D36: X | E36: TTTTCGAAAAAAGGCCTCCCAAATCGGGGGGCCTTTTTTTATAGCAACAAAA | F36: 66.775 | G36: 16891.5 | H36: 11.855 | I36: 67.35 | J36: 245.61952 | K36: 123.4269 | L36: 27.268587 | M36: 5640.2857 | N36: 3.6762436 | O36: 17.135635 | P36: 30.557638 | Q36: 15.355597 | R36: CGAAAAAA | S36: GGCCUCCCAAAUCGGGGGGCC | T36: ((((((((.....)))))))) | U36: AAAUC | V36: UUUUUUUAUAGC | W36: 1.241825 | X36: 4.1 | Y36: -16.1 | Z36: -7.4 | AA36: -10 | AB36: =1+1/(0.005*EXP(0.6*X36)+6*EXP(0.45*(Z36+AA36-W36))*(1+0.005*EXP(0.6*X36))) -> 17.675483
A37: L3S3P45 | B37: X | C37: X | E37: TTCCAGAAAAGACACCCTAACGGGTGTTTTTTCGTTTTTGGTCTCCC | F37: 62.775 | G37: 17250 | H37: 9.355 | I37: 75.4 | J37: 235.06618 | K37: 118.12371 | L37: 21.172211 | M37: 2633.7552 | N37: 2.7808572 | O37: 16.577093 | P37: 44.955396 | Q37: 22.590651 | R37: AGAAAAGA | S37: CACCCUAACGGGUG | T37: (((((....))))) | U37: UAAC | V37: UUUUUUCGUUUU | W37: -1.132615 | X37: 2.2 | Y37: -8.7 | Z37: -9.2 | AA37: -7.6 | AB37: =1+1/(0.005*EXP(0.6*X37)+6*EXP(0.45*(Z37+AA37-W37))*(1+0.005*EXP(0.6*X37))) -> 42.636724
A38: L3S2P44 | B38: X | C38: X | E38: CTCGGTACCAAACCAATTATTGAAGACGCTGAAAAGCGTCTTTTTTTGTTTCGGTCC | F38: 60.2 | G38: 15525 | H38: 7.73 | I38: 67.325 | J38: 230.90212 | K38: 116.03121 | L38: 19.380574 | M38: 3866.4152 | N38: 1.1733144 | O38: 5.6310893 | P38: 57.731498 | Q38: 29.010803 | R38: UUAUUGAA | S38: GACGCUGAAAAGCGUC | T38: ((((((....)))))) | U38: GAAA | V38: UUUUUUUGUUUC | W38: 0.254605 | X38: 2.7 | Y38: -9.8 | Z38: -3.8 | AA38: -7 | AB38: =1+1/(0.005*EXP(0.6*X38)+6*EXP(0.45*(Z38+AA38-W38))*(1+0.005*EXP(0.6*X38))) -> 15.753173
A39: L3S3P54 | E39: TTCCAGAAAAGACACCCTAACGGGTGTTTTTTTGTTTCTGGTCTCCC | F39: 66.266667 | G39: 14633.333 | H39: 9.07 | I39: 67.5 | J39: 227.00698 | K39: 114.07386 | L39: 20.711671 | M39: 4309.679 | N39: 2.0350184 | O39: 31.036269 | P39: 39.822475 | Q39: 20.011294 | R39: AGAAAAGA | S39: CACCCUAACGGGUG | T39: (((((....))))) | U39: UAAC | V39: UUUUUUUGUUUC | W39: 0.254605 | X39: 2.2 | Y39: -8.7 | Z39: -7.6 | AA39: -7.6 | AB39: =1+1/(0.005*EXP(0.6*X39)+6*EXP(0.45*(Z39+AA39-W39))*(1+0.005*EXP(0.6*X39))) -> 41.733454
A40: L3S3P31 | B40: X | E40: CCAATTATTGAACACCCTAACGGGTGTTTTTTTTTTTTTGGTCTCCC | F40: 53.925 | G40: 16725 | H40: 9.055 | I40: 73.6 | J40: 226.3919 | K40: 113.76478 | L40: 20.954455 | M40: 4352.2982 | N40: 1.4187436 | O40: 14.493677 | P40: 35.396821 | Q40: 17.787347 | R40: UUAUUGAA | S40: CACCCUAACGGGUG | T40: (((((....))))) | U40: UAAC | V40: UUUUUUUUUUUU | W40: 1.635805 | X40: 2.2 | Y40: -8.7 | Z40: -3.9 | AA40: -7.6 | AB40: =1+1/(0.005*EXP(0.6*X40)+6*EXP(0.45*(Z40+AA40-W40))*(1+0.005*EXP(0.6*X40))) -> 29.347575
A41: L3S1P11 | D41: X | E41: GACGAACAATAAGGCCTCCCTTCGGGGGGGCCTTTTTTATTGATAACAAAA | F41: 65.6 | G41: 14436.5 | H41: 18.6 | I41: 64.7 | J41: 214.25546 | K41: 107.66606 | L41: 39.739401 | M41: 9989.2975 | N41: 4.8083261 | O41: 37.335238 | P41: 30.757634 | Q41: 15.456098 | R41: AACAAUAA | S41: GGCCUCCCUUCGGGGGGGCC | T41: ((((((((....)))))))) | U41: UUCG | V41: UUUUUUAUUGAU | W41: 0.56495 | X41: 0.8 | Y41: -19.4 | Z41: -2.5 | AA41: -10 | AB41: =1+1/(0.005*EXP(0.6*X41)+6*EXP(0.45*(Z41+AA41-W41))*(1+0.005*EXP(0.6*X41))) -> 41.003769
A42: L3S3P43 | B42: X | C42: X | E42: TCTAACTAAAAACACCCTAACGGGTGTTTTTTCTTTTCTGGTCTCCC | F42: 66.05 | G42: 19875 | H42: 8.4825 | I42: 98.15 | J42: 207.57421 | K42: 104.30865 | L42: 21.261154 | M42: 6318.953 | N42: 1.8365616 | O42: 25.569057 | P42: 73.662722 | Q42: 37.016443 | R42: ACUAAAAA | S42: CACCCUAACGGGUG | T42: (((((....))))) | U42: UAAC | V42: UUUUUUCUUUUC | W42: -0.330725 | X42: 2.2 | Y42: -8.7 | Z42: -5.3 | AA42: -7.6 | AB42: =1+1/(0.005*EXP(0.6*X42)+6*EXP(0.45*(Z42+AA42-W42))*(1+0.005*EXP(0.6*X42))) -> 25.947046
A43: L3S3P42 | B43: X | C43: X | E43: GAAAAATAAAAACACCCTAACGGGTGTTTTTATTTTTCTGGTCTCCC | F43: 52.7 | G43: 9901 | H43: 11.3 | I43: 52.1 | J43: 190.03839 | K43: 95.496677 | L43: 18.950462 | M43: 3039.8521 | N43: 1.6970563 | O43: 87.61053 | P43: 77.326772 | Q43: 38.857674 | R43: AAUAAAAA | S43: CACCCUAACGGGUG | T43: (((((....))))) | U43: UAAC | V43: UUUUUAUUUUUC | W43: 0.56495 | X43: 2.2 | Y43: -8.7 | Z43: -8.6 | AA43: -7.6 | AB43: =1+1/(0.005*EXP(0.6*X43)+6*EXP(0.45*(Z43+AA43-W43))*(1+0.005*EXP(0.6*X43))) -> 46.55504
A44: L3S2P42 | B44: X | E44: CTCGGTACCAAAGAAAAATAAAAAGACGCTGAAAAGCGTCTTTTTATTTTTCGGTCC | F44: 75.133333 | G44: 19064.667 | H44: 9.07 | I44: 99.066667 | J44: 189.44772 | K44: 95.199858 | L44: 4.3003876 | M44: 8809.1966 | N44: 1.1066616 | O44: 20.727116 | P44: 73.57929 | Q44: 36.974517 | R44: AAUAAAAA | S44: GACGCUGAAAAGCGUC | T44: ((((((....)))))) | U44: GAAA | V44: UUUUUAUUUUUC | W44: 0.56495 | X44: 2.7 | Y44: -9.8 | Z44: -8.5 | AA44: -7 | AB44: =1+1/(0.005*EXP(0.6*X44)+6*EXP(0.45*(Z44+AA44-W44))*(1+0.005*EXP(0.6*X44))) -> 34.64075
A45: L3S3P14 | E45: CCAATTATTGAACACCCAAATCGGGTGTTTTTTTGTTTCTGGTCTCCC | F45: 64.133333 | G45: 17566.667 | H45: 9.2833333 | I45: 101 | J45: 185.42396 | K45: 93.177871 | L45: 18.018139 | M45: 4361.5746 | N45: 0.36936883 | O45: 48.501134 | P45: 35.92014 | Q45: 18.050322 | R45: UUAUUGAA | S45: CACCCAAAUCGGGUG | T45: (((((.....))))) | U45: AAAUC | V45: UUUUUUUGUUUC | W45: 0.254605 | X45: 4.1 | Y45: -6.8 | Z45: -3.9 | AA45: -7.6 | AB45: =1+1/(0.005*EXP(0.6*X45)+6*EXP(0.45*(Z45+AA45-W45))*(1+0.005*EXP(0.6*X45))) -> 12.042561
A46: L3S2P43 | E46: CTCGGTACCAAATCTAACTAAAAAGACGCTGAAAAGCGTCTTTTTTCTTTTCGGTCC | F46: 89.6 | G46: 19500 | H46: 15 | I46: 106 | J46: 183.96226 | K46: 92.443349 | R46: ACUAAAAA | S46: GACGCUGAAAAGCGUC | T46: ((((((....)))))) | U46: GAAA | V46: UUUUUUCUUUUC | W46: -0.330725 | X46: 2.7 | Y46: -9.8 | Z46: -5.2 | AA46: -7 | AB46: =1+1/(0.005*EXP(0.6*X46)+6*EXP(0.45*(Z46+AA46-W46))*(1+0.005*EXP(0.6*X46))) -> 19.270484
A47: L3S3P35 | E47: CCAATTATTGAACACCCTAACGGGTGTTTTTTCGTTTTTGGTCTCCC | F47: 131 | G47: 16200 | H47: 10.9 | I47: 92.8 | J47: 174.56897 | K47: 87.723098 | L47: 57.275649 | M47: 4828.1251 | N47: 1.2727922 | O47: 22.061732 | P47: 15.857653 | Q47: 7.96867 | R47: UUAUUGAA | S47: CACCCUAACGGGUG | T47: (((((....))))) | U47: UAAC | V47: UUUUUUCGUUUU | W47: -1.132615 | X47: 2.2 | Y47: -8.7 | Z47: -3.9 | AA47: -7.6 | AB47: =1+1/(0.005*EXP(0.6*X47)+6*EXP(0.45*(Z47+AA47-W47))*(1+0.005*EXP(0.6*X47))) -> 14.111006
A48: L3S1P00 | B48: X | C48: X | D48: X | E48: GACGAACAATAAGGGGAGCGGGAAACCGCTCCCCTTTTTTATTGATAACAAAA | F48: 68.825 | G48: 17900 | H48: 36.525 | I48: 103.525 | J48: 172.96963 | K48: 86.91941 | L48: 20.539778 | M48: 5607.7328 | N48: 6.0593592 | O48: 22.434553 | P48: 44.674459 | Q48: 22.449477 | R48: AACAAUAA | S48: GGGGAGCGGGAAACCGCUCCCC | T48: (((((((((....))))))))) | U48: GAAA | V48: UUUUUUAUUGAU | W48: 0.56495 | X48: 0.2 | Y48: -23.3 | Z48: -2.5 | AA48: -9.9 | AB48: =1+1/(0.005*EXP(0.6*X48)+6*EXP(0.45*(Z48+AA48-W48))*(1+0.005*EXP(0.6*X48))) -> 43.935887
A49: L3S3P47 | B49: X | E49: TTTTCGAAAAAACACCCTAACGGGTGTTTTTTTATAGCTGGTCTCCC | F49: 65.775 | G49: 18350 | H49: 9.7825 | I49: 108.475 | J49: 169.86067 | K49: 85.357121 | L49: 11.820709 | M49: 3682.8431 | N49: 1.1625367 | O49: 15.928041 | P49: 27.991075 | Q49: 14.065867 | R49: CGAAAAAA | S49: CACCCUAACGGGUG | T49: (((((....))))) | U49: UAAC | V49: UUUUUUUAUAGC | W49: 1.241825 | X49: 2.2 | Y49: -8.7 | Z49: -7.5 | AA49: -7.6 | AB49: =1+1/(0.005*EXP(0.6*X49)+6*EXP(0.45*(Z49+AA49-W49))*(1+0.005*EXP(0.6*X49))) -> 45.189431
A50: L3S1P42 | D50: X | E50: GAAAAATAAAAAGGCCTCCCAAATCGGGGGGCCTTTTTATTTTTCAACAAAA | F50: 79.066667 | G50: 24500 | H50: 13.266667 | I50: 154.83333 | J50: 162.23737 | K50: 81.526318 | L50: 3.720663 | M50: 6577.9936 | N50: 0.55075705 | O50: 53.12799 | P50: 19.483275 | Q50: 9.7905906 | R50: AAUAAAAA | S50: GGCCUCCCAAAUCGGGGGGCC | T50: ((((((((.....)))))))) | U50: AAAUC | V50: UUUUUAUUUUUC | W50: 0.56495 | X50: 4.1 | Y50: -16.1 | Z50: -8.5 | AA50: -10 | AB50: =1+1/(0.005*EXP(0.6*X50)+6*EXP(0.45*(Z50+AA50-W50))*(1+0.005*EXP(0.6*X50))) -> 17.745403
A51: L3S3P15 | E51: CCAATTATTGAACACCCTTTAGGGGTGTTTTTTTGTTTCTGGTCTCCC | F51: 56.925 | G51: 15013 | H51: 9.125 | I51: 94.65 | J51: 160.47828 | K51: 80.642349 | L51: 22.543347 | M51: 4981.9818 | N51: 2.1457322 | O51: 33.073101 | P51: 28.367345 | Q51: 14.254947 | R51: UUAUUGAA | S51: CACCCUUUAGGGGUG | T51: ((((((...)))))) | U51: UUA | V51: UUUUUUUGUUUC | W51: 0.254605 | X51: 6.2 | Y51: -6.8 | Z51: -4.2 | AA51: -7.6 | AB51: =1+1/(0.005*EXP(0.6*X51)+6*EXP(0.45*(Z51+AA51-W51))*(1+0.005*EXP(0.6*X51))) -> 5.1978148
A52: L3S2P47 | E52: CTCGGTACCAAATTTTCGAAAAAAGACGCTGAAAAGCGTCTTTTTTTATAGCGGTCC | F52: 61.15 | G52: 18143.25 | H52: 9.97 | I52: 114.425 | J52: 156.83138 | K52: 78.809738 | L52: 23.509502 | M52: 6518.3548 | N52: 1.6228986 | O52: 37.219921 | P52: 19.70409 | Q52: 9.9015526 | R52: CGAAAAAA | S52: GACGCUGAAAAGCGUC | T52: ((((((....)))))) | U52: GAAA | V52: UUUUUUUAUAGC | W52: 1.241825 | X52: 2.7 | Y52: -9.8 | Z52: -7.4 | AA52: -7 | AB52: =1+1/(0.005*EXP(0.6*X52)+6*EXP(0.45*(Z52+AA52-W52))*(1+0.005*EXP(0.6*X52))) -> 33.614316
A53: L3S1P34 | D53: X | E53: GACGAACAATAAGGCCTCCCAAATCGGGGGGCCTTTTTTTGTTTCAACAAAA | F53: 66.925 | G53: 19825 | H53: 19.55 | I53: 127.75 | J53: 154.43087 | K53: 77.60345 | L53: 30.925542 | M53: 6189.4399 | N53: 4.7864392 | O53: 36.151302 | P53: 11.32025 | Q53: 5.6885679 | R53: AACAAUAA | S53: GGCCUCCCAAAUCGGGGGGCC | T53: ((((((((.....)))))))) | U53: AAAUC | V53: UUUUUUUGUUUC | W53: 0.254605 | X53: 4.1 | Y53: -16.1 | Z53: -3.3 | AA53: -10 | AB53: =1+1/(0.005*EXP(0.6*X53)+6*EXP(0.45*(Z53+AA53-W53))*(1+0.005*EXP(0.6*X53))) -> 14.740996
A54: L3S2P34 | E54: CTCGGTACCAAATTCCAGAAAAGAGACGCTGAAAAGCGTCTTTTTTTGTTTCGGTCC | F54: 50.95 | G54: 10390 | H54: 11.15 | I54: 70.35 | J54: 143.67824 | K54: 72.200119 | L54: 31.183409 | M54: 5812.4177 | N54: 3.6062446 | O54: 31.749094 | P54: 17.779159 | Q54: 8.9342509 | R54: AGAAAAGA | S54: GACGCUGAAAAGCGUC | T54: ((((((....)))))) | U54: GAAA | V54: UUUUUUUGUUUC | W54: 0.254605 | X54: 2.7 | Y54: -9.8 | Z54: -7.5 | AA54: -7 | AB54: =1+1/(0.005*EXP(0.6*X54)+6*EXP(0.45*(Z54+AA54-W54))*(1+0.005*EXP(0.6*X54))) -> 31.021744
A55: L3S3P33 | E55: CCAATTATTGAACACCCTAACGGGTGTTTTTTCTTTTCTGGTCTCCC | F55: 69.25 | G55: 21750 | H55: 9.9075 | I55: 158.25 | J55: 137.28489 | K55: 68.987384 | L55: 11.987911 | M55: 4132.3924 | N55: 1.0385045 | O55: 16.214705 | P55: 22.852542 | Q55: 11.483689 | R55: UUAUUGAA | S55: CACCCUAACGGGUG | T55: (((((....))))) | U55: UAAC | V55: UUUUUUCUUUUC | W55: -0.330725 | X55: 2.2 | Y55: -8.7 | Z55: -3.9 | AA55: -7.6 | AB55: =1+1/(0.005*EXP(0.6*X55)+6*EXP(0.45*(Z55+AA55-W55))*(1+0.005*EXP(0.6*X55))) -> 17.99596
A56: L3S3P25 | B56: X | C56: X | E56: CCAATTATTGAAGCGGCTAACGCCGCTTTTTTTGTTTCTGGTCTCCC | F56: 80.2 | G56: 21500 | H56: 11.043333 | I56: 165.66667 | J56: 134.19205 | K56: 67.433193 | L56: 26.651266 | M56: 5692.9781 | N56: 1.8747355 | O56: 66.785727 | P56: 16.509543 | Q56: 8.2962528 | R56: UUAUUGAA | S56: GCGGCUAACGCCGC | T56: (((((....))))) | U56: UAAC | V56: UUUUUUUGUUUC | W56: 0.254605 | X56: 2.2 | Y56: -10.3 | Z56: -3.8 | AA56: -9.1 | AB56: =1+1/(0.005*EXP(0.6*X56)+6*EXP(0.45*(Z56+AA56-W56))*(1+0.005*EXP(0.6*X56))) -> 29.460121
A57: L3S2P33 | E57: CTCGGTACCAAATTCCAGAAAAGAGACGCTGAAAAGCGTCTTTTTTCTTTTCGGTCC | F57: 72.6 | G57: 16800 | H57: 11.8 | I57: 128 | J57: 131.25 | K57: 65.954774 | R57: AGAAAAGA | S57: GACGCUGAAAAGCGUC | T57: ((((((....)))))) | U57: GAAA | V57: UUUUUUCUUUUC | W57: -0.330725 | X57: 2.7 | Y57: -9.8 | Z57: -10.7 | AA57: -7 | AB57: =1+1/(0.005*EXP(0.6*X57)+6*EXP(0.45*(Z57+AA57-W57))*(1+0.005*EXP(0.6*X57))) -> 37.041834
A58: L3S3P55 | E58: GACGAACAATAACACCCTAACGGGTGTTTTTTTGTTTCTGGTCTCCC | F58: 62.975 | G58: 17475 | H58: 14.375 | I58: 141.75 | J58: 123.43976 | K58: 62.030032 | L58: 11.533249 | M58: 2692.4277 | N58: 2.2425804 | O58: 1.7078251 | P58: 20.105068 | Q58: 10.103049 | R58: AACAAUAA | S58: CACCCUAACGGGUG | T58: (((((....))))) | U58: UAAC | V58: UUUUUUUGUUUC | W58: 0.254605 | X58: 2.2 | Y58: -8.7 | Z58: -3.4 | AA58: -7.6 | AB58: =1+1/(0.005*EXP(0.6*X58)+6*EXP(0.45*(Z58+AA58-W58))*(1+0.005*EXP(0.6*X58))) -> 18.444045
A59: L3S3P32 | E59: CCAATTATTGAACACCCTAACGGGTGTTTTTATTTTTCTGGTCTCCC | F59: 81.1 | G59: 15500 | H59: 9.9 | I59: 127 | J59: 122.04724 | K59: 61.330273 | R59: UUAUUGAA | S59: CACCCUAACGGGUG | T59: (((((....))))) | U59: UAAC | V59: UUUUUAUUUUUC | W59: 0.56495 | X59: 2.2 | Y59: -8.7 | Z59: -3.9 | AA59: -7.6 | AB59: =1+1/(0.005*EXP(0.6*X59)+6*EXP(0.45*(Z59+AA59-W59))*(1+0.005*EXP(0.6*X59))) -> 22.964207
A60: L3S1P44 | D60: X | E60: CCAATTATTGAAGGCCTCCCAAATCGGGGGGCCTTTTTTTGTTTCAACAAAA | F60: 71.125 | G60: 18812 | H60: 15.575 | I60: 179.575 | J60: 115.75945 | K60: 58.170579 | L60: 32.680818 | M60: 10263.504 | N60: 5.189332 | O60: 128.05854 | P60: 32.299139 | Q60: 16.230723 | R60: UUAUUGAA | S60: GGCCUCCCAAAUCGGGGGGCC | T60: ((((((((.....)))))))) | U60: AAAUC | V60: UUUUUUUGUUUC | W60: 0.254605 | X60: 4.1 | Y60: -16.1 | Z60: -3.8 | AA60: -10 | AB60: =1+1/(0.005*EXP(0.6*X60)+6*EXP(0.45*(Z60+AA60-W60))*(1+0.005*EXP(0.6*X60))) -> 15.305413
A61: L3S1P43 | D61: X | E61: TCTAACTAAAAAGGCCTCCCAAATCGGGGGGCCTTTTTTCTTTTCAACAAAA | F61: 66.75 | G61: 15750 | H61: 12.8 | I61: 158 | J61: 107.24105 | K61: 53.889973 | L61: 23.723195 | M61: 3158.5862 | N61: 2.193931 | O61: 43.916588 | P61: 41.567287 | Q61: 20.888084 | R61: ACUAAAAA | S61: GGCCUCCCAAAUCGGGGGGCC | T61: ((((((((.....)))))))) | U61: AAAUC | V61: UUUUUUCUUUUC | W61: -0.330725 | X61: 4.1 | Y61: -16.1 | Z61: -5.2 | AA61: -10 | AB61: =1+1/(0.005*EXP(0.6*X61)+6*EXP(0.45*(Z61+AA61-W61))*(1+0.005*EXP(0.6*X61))) -> 16.057732
A62: L3S3P37 | C62: X | E62: CCAATTATTGAACACCCTAACGGGTGTTTTTTTATAGCTGGTCTCCC | F62: 71.666667 | G62: 23700 | H62: 14.333333 | I62: 259 | J62: 96.912466 | K62: 48.699732 | L62: 14.688885 | M62: 5115.6622 | N62: 3.8423083 | O62: 99.453507 | P62: 21.132787 | Q62: 10.619491 | R62: UUAUUGAA | S62: CACCCUAACGGGUG | T62: (((((....))))) | U62: UAAC | V62: UUUUUUUAUAGC | W62: 1.241825 | X62: 2.2 | Y62: -8.7 | Z62: -3.9 | AA62: -7.6 | AB62: =1+1/(0.005*EXP(0.6*X62)+6*EXP(0.45*(Z62+AA62-W62))*(1+0.005*EXP(0.6*X62))) -> 26.981767
A63: L3S2P37 | E63: CTCGGTACCAAATTCCAGAAAAGAGACGCTGAAAAGCGTCTTTTTTTATAGCGGTCC | F63: 73.466667 | G63: 21200 | H63: 12.933333 | I63: 237 | J63: 94.541061 | K63: 47.508071 | L63: 11.692875 | M63: 5434.1513 | N63: 1.6802778 | O63: 98.54948 | P63: 18.515014 | Q63: 9.3040272 | R63: AGAAAAGA | S63: GACGCUGAAAAGCGUC | T63: ((((((....)))))) | U63: GAAA | V63: UUUUUUUAUAGC | W63: 1.241825 | X63: 2.7 | Y63: -9.8 | Z63: -7.5 | AA63: -7 | AB63: =1+1/(0.005*EXP(0.6*X63)+6*EXP(0.45*(Z63+AA63-W63))*(1+0.005*EXP(0.6*X63))) -> 33.868844
A64: L3S1P32 | C64: X | D64: X | E64: GACGAACAATAAGGCCTCCCAAATCGGGGGGCCTTTTTATTTTTCAACAAAA | F64: 76 | G64: 21233.333 | H64: 27.133333 | I64: 231.66667 | J64: 92.146673 | K64: 46.304861 | L64: 14.853619 | M64: 3800.4386 | N64: 6.5424256 | O64: 50.33223 | P64: 3.8464346 | Q64: 1.9328817 | R64: AACAAUAA | S64: GGCCUCCCAAAUCGGGGGGCC | T64: ((((((((.....)))))))) | U64: AAAUC | V64: UUUUUAUUUUUC | W64: 0.56495 | X64: 4.1 | Y64: -16.1 | Z64: -2.5 | AA64: -10 | AB64: =1+1/(0.005*EXP(0.6*X64)+6*EXP(0.45*(Z64+AA64-W64))*(1+0.005*EXP(0.6*X64))) -> 14.108246
A65: L3S2P46 | C65: X | E65: CTCGGTACCAAAGACGAACAATAAGACGCTGAAAAGCGTCTTTTTTATTGATGGTCC | F65: 55.9 | G65: 16386.5 | H65: 13.95 | I65: 179.5 | J65: 89.299625 | K65: 44.874183 | L65: 29.839906 | M65: 10625.694 | N65: 0.91923882 | O65: 105.35891 | P65: 6.7809605 | Q65: 3.4075178 | R65: AACAAUAA | S65: GACGCUGAAAAGCGUC | T65: ((((((....)))))) | U65: GAAA | V65: UUUUUUAUUGAU | W65: 0.56495 | X65: 2.7 | Y65: -9.8 | Z65: -2.5 | AA65: -7 | AB65: =1+1/(0.005*EXP(0.6*X65)+6*EXP(0.45*(Z65+AA65-W65))*(1+0.005*EXP(0.6*X65))) -> 11.912857
A66: L3S1P31 | D66: X | E66: GACGAACAATAAGGCCTCCCAAATCGGGGGGCCTTTTTTTTTTTTAACAAAA | F66: 66.1 | G66: 12975 | H66: 70.725 | I66: 155.75 | J66: 86.12297 | K66: 43.277875 | L66: 26.787435 | M66: 2121.9095 | N66: 16.291997 | O66: 51.194889 | P66: 11.446844 | Q66: 5.7521828 | R66: AACAAUAA | S66: GGCCUCCCAAAUCGGGGGGCC | T66: ((((((((.....)))))))) | U66: AAAUC | V66: UUUUUUUUUUUU | W66: 1.635805 | X66: 4.1 | Y66: -16.1 | Z66: -2.5 | AA66: -10 | AB66: =1+1/(0.005*EXP(0.6*X66)+6*EXP(0.45*(Z66+AA66-W66))*(1+0.005*EXP(0.6*X66))) -> 15.389461
A67: L3S1P33 | D67: X | E67: GACGAACAATAAGGCCTCCCAAATCGGGGGGCCTTTTTTCTTTTCAACAAAA | F67: 79.15 | G67: 25300 | H67: 25.825 | I67: 334.25 | J67: 75.433866 | K67: 37.906465 | L67: 14.806418 | M67: 4599.2753 | N67: 2.7207536 | O67: 51.09713 | P67: 3.9727731 | Q67: 1.9963684 | R67: AACAAUAA | S67: GGCCUCCCAAAUCGGGGGGCC | T67: ((((((((.....)))))))) | U67: AAAUC | V67: UUUUUUCUUUUC | W67: -0.330725 | X67: 4.1 | Y67: -16.1 | Z67: -2.5 | AA67: -10 | AB67: =1+1/(0.005*EXP(0.6*X67)+6*EXP(0.45*(Z67+AA67-W67))*(1+0.005*EXP(0.6*X67))) -> 12.75011
A68: L3S1P45 | D68: X | E68: TTCCAGAAAAGAGGCCTCCCAAATCGGGGGGCCTTTTTTCGTTTTAACAAAA | F68: 61.6 | G68: 16996.75 | H68: 17 | I68: 226.5 | J68: 74.61419 | K68: 37.494568 | L68: 23.844776 | M68: 5803.4566 | N68: 2.3079572 | O68: 71.900394 | P68: 5.9323356 | Q68: 2.9810731 | R68: AGAAAAGA | S68: GGCCUCCCAAAUCGGGGGGCC | T68: ((((((((.....)))))))) | U68: AAAUC | V68: UUUUUUCGUUUU | W68: -1.132615 | X68: 4.1 | Y68: -16.1 | Z68: -9.1 | AA68: -10 | AB68: =1+1/(0.005*EXP(0.6*X68)+6*EXP(0.45*(Z68+AA68-W68))*(1+0.005*EXP(0.6*X68))) -> 17.534287
A69: L3S2P36 | E69: CTCGGTACCAAATTCCAGAAAAGAGACGCTGAAAAGCGTCTTTTTTATTGATGGTCC | F69: 61.25 | G69: 16108.25 | H69: 11.5675 | I69: 214.75 | J69: 74.359311 | K69: 37.366488 | L69: 21.091626 | M69: 4929.2263 | N69: 1.5725431 | O69: 57.517389 | P69: 8.7971723 | Q69: 4.4206896 | R69: AGAAAAGA | S69: GACGCUGAAAAGCGUC | T69: ((((((....)))))) | U69: GAAA | V69: UUUUUUAUUGAU | W69: 0.56495 | X69: 2.7 | Y69: -9.8 | Z69: -6.2 | AA69: -7 | AB69: =1+1/(0.005*EXP(0.6*X69)+6*EXP(0.45*(Z69+AA69-W69))*(1+0.005*EXP(0.6*X69))) -> 27.439669
A70: L2U1H10 | C70: X | D70: X | E70: GGGCGGTCAGATGATCGCCCTTTTTTTTT | F70: 44.333333 | G70: 19466.667 | H70: 28.066667 | I70: 433.33333 | J70: 59.637989 | K70: 29.968839 | L70: 14.189276 | M70: 7519.0129 | N70: 1.793197 | O70: 317.39075 | P70: 23.458606 | Q70: 11.788244 | R70: AAGAAUUC | S70: GGGCGGUCAGAUGAUCGCCC | T70: ((((((((....)))))))) | U70: AGAU | V70: UUUUUUUUUACU | W70: 1.635805 | X70: 3.8 | Y70: -13.9 | Z70: -1.2 | AA70: -10 | AB70: =1+1/(0.005*EXP(0.6*X70)+6*EXP(0.45*(Z70+AA70-W70))*(1+0.005*EXP(0.6*X70))) -> 15.620453
A71: L2U1H09 | C71: X | D71: X | E71: ACGGCCCTAGATAGGGCCGTTTTTTTTTT | F71: 48.1 | G71: 19866.667 | H71: 22.733333 | I71: 432 | J71: 57.115191 | K71: 28.701101 | L71: 14.5664 | M71: 7005.8706 | N71: 1.0530379 | O71: 281.91843 | P71: 18.848945 | Q71: 9.4718318 | R71: AGAAUUCA | S71: CGGCCCUAGAUAGGGCCG | T71: (((((((....))))))) | U71: AGAU | V71: UUUUUUUUUUAC | W71: 1.635805 | X71: 5.1 | Y71: -12.7 | Z71: -1.8 | AA71: -9.1 | AB71: =1+1/(0.005*EXP(0.6*X71)+6*EXP(0.45*(Z71+AA71-W71))*(1+0.005*EXP(0.6*X71))) -> 8.680374
A72: L3S1P15 | D72: X | E72: GACGAACAATAAGGCCTCCCTTTAGGGGGGGCCTTTTTTATTGATAACAAAA | F72: 73.575 | G72: 19325 | H72: 27.775 | I72: 356.25 | J72: 54.556162 | K72: 27.415157 | L72: 33.958246 | M72: 5291.1089 | N72: 10.247398 | O72: 101.57879 | P72: 5.7868079 | Q72: 2.9079437 | R72: AACAAUAA | S72: GGCCUCCCUUUAGGGGGGGCC | T72: (((((((((...))))))))) | U72: UUA | V72: UUUUUUAUUGAU | W72: 0.56495 | X72: 6.2 | Y72: -16.1 | Z72: -2.8 | AA72: -10 | AB72: =1+1/(0.005*EXP(0.6*X72)+6*EXP(0.45*(Z72+AA72-W72))*(1+0.005*EXP(0.6*X72))) -> 5.4640952
A73: L3S1P35 | D73: X | E73: GACGAACAATAAGGCCTCCCAAATCGGGGGGCCTTTTTTCGTTTTAACAAAA | F73: 73.25 | G73: 15675 | H73: 75.975 | I73: 313 | J73: 50.083565 | K73: 25.167621 | L73: 32.431004 | M73: 6079.6793 | N73: 40.238984 | O73: 106.92988 | P73: 7.8804631 | Q73: 3.9600317 | R73: AACAAUAA | S73: GGCCUCCCAAAUCGGGGGGCC | T73: ((((((((.....)))))))) | U73: AAAUC | V73: UUUUUUCGUUUU | W73: -1.132615 | X73: 4.1 | Y73: -16.1 | Z73: -2.5 | AA73: -10 | AB73: =1+1/(0.005*EXP(0.6*X73)+6*EXP(0.45*(Z73+AA73-W73))*(1+0.005*EXP(0.6*X73))) -> 11.345909
A74: L1U1H11 | C74: X | D74: X | E74: CCCGCTTCGGCGGGTTTTTTTTT | F74: 32.45 | G74: 11173.5 | H74: 33.3 | I74: 234 | J74: 47.713679 | K74: 23.976723 | L74: 8.8388348 | M74: 4562.9601 | N74: 9.8994949 | O74: 94.752309 | P74: 0.17939668 | Q74: 0.090149084 | R74: AAGAAUUC | S74: CCCGCUUCGGCGGG | T74: (((((....))))) | U74: UUCG | V74: UUUUUUUUUACU | W74: 1.635805 | X74: 0.8 | Y74: -11.6 | Z74: -1.2 | AA74: -9 | AB74: =1+1/(0.005*EXP(0.6*X74)+6*EXP(0.45*(Z74+AA74-W74))*(1+0.005*EXP(0.6*X74))) -> 27.671095
A75: L1U1H03 | C75: X | D75: X | E75: GATCCAGCCCATTCGTGGGCTGGATCTTTTTTTTT | F75: 56.1 | G75: 15000 | H75: 24.7 | I75: 363 | J75: 41.322314 | K75: 20.764982 | R75: AAGAAUUC | S75: GAUCCAGCCCAUUCGUGGGCUGGAUC | T75: (((((((((((....))))))))))) | U75: UUCG | V75: UUUUUUUUUACU | W75: 1.635805 | X75: 5 | Y75: -20.5 | Z75: -1.2 | AA75: -5.9 | AB75: =1+1/(0.005*EXP(0.6*X75)+6*EXP(0.45*(Z75+AA75-W75))*(1+0.005*EXP(0.6*X75))) -> 5.3481635
A76: L3S1P23 | C76: X | D76: X | E76: GACGAACAATAAGACGCTAAATCAGCGTCTTTTTTATTGATAACAAAA | F76: 70.4 | G76: 19575 | H76: 38 | I76: 499 | J76: 39.358873 | K76: 19.778328 | L76: 12.665702 | M76: 4125.0253 | N76: 9.6671264 | O76: 37.425482 | P76: 8.8876413 | Q76: 4.4661514 | R76: AACAAUAA | S76: GACGCUAAAUCAGCGUC | T76: ((((((.....)))))) | U76: AAAUC | V76: UUUUUUAUUGAU | W76: 0.56495 | X76: 5.3 | Y76: -7.2 | Z76: -2.5 | AA76: -7 | AB76: =1+1/(0.005*EXP(0.6*X76)+6*EXP(0.45*(Z76+AA76-W76))*(1+0.005*EXP(0.6*X76))) -> 6.1880397
A77: L3S1P25 | C77: X | D77: X | E77: GACGAACAATAAGCGGCAAATCGCCGCTTTTTTATTGATAACAAAA | F77: 76.325 | G77: 20375 | H77: 40.825 | I77: 538.75 | J77: 38.616954 | K77: 19.405504 | L77: 25.38771 | M77: 6191.0554 | N77: 7.3545337 | O77: 193.13618 | P77: 5.2506256 | Q77: 2.6385053 | R77: AACAAUAA | S77: GCGGCAAAUCGCCGC | T77: (((((.....))))) | U77: AAAUC | V77: UUUUUUAUUGAU | W77: 0.56495 | X77: 4.1 | Y77: -8.4 | Z77: -2.5 | AA77: -9.1 | AB77: =1+1/(0.005*EXP(0.6*X77)+6*EXP(0.45*(Z77+AA77-W77))*(1+0.005*EXP(0.6*X77))) -> 12.742965
A78: L3S2P32 | E78: CTCGGTACCAAATTCCAGAAAAGAGACGCTGAAAAGCGTCTTTTTATTTTTCGGTCC | F78: 60.65 | G78: 13323 | H78: 24.675 | I78: 417 | J78: 34.336928 | K78: 17.254738 | L78: 20.907814 | M78: 4738.296 | N78: 5.4938602 | O78: 204.17476 | P78: 11.78719 | Q78: 5.9232108 | R78: AGAAAAGA | S78: GACGCUGAAAAGCGUC | T78: ((((((....)))))) | U78: GAAA | V78: UUUUUAUUUUUC | W78: 0.56495 | X78: 2.7 | Y78: -9.8 | Z78: -5.3 | AA78: -7 | AB78: =1+1/(0.005*EXP(0.6*X78)+6*EXP(0.45*(Z78+AA78-W78))*(1+0.005*EXP(0.6*X78))) -> 23.680134
A79: L3S3P46 | C79: X | E79: GACGAACAATAACACCCTAACGGGTGTTTTTTATTGATTGGTCTCCC | F79: 63.5 | G79: 17300 | H79: 35.45 | I79: 1359.5 | J79: 27.990555 | K79: 14.065605 | L79: 10.46518 | M79: 3676.9553 | N79: 22.839549 | O79: 1487.0456 | P79: 27.911934 | Q79: 14.026098 | R79: AACAAUAA | S79: CACCCUAACGGGUG | T79: (((((....))))) | U79: UAAC | V79: UUUUUUAUUGAU | W79: 0.56495 | X79: 2.2 | Y79: -8.7 | Z79: -2.6 | AA79: -7.6 | AB79: =1+1/(0.005*EXP(0.6*X79)+6*EXP(0.45*(Z79+AA79-W79))*(1+0.005*EXP(0.6*X79))) -> 15.960311
A80: L2U1H07 | C80: X | D80: X | E80: AGGCCTCCCAGATGGGGGGCCTTTTTTTTTT | F80: 56.14 | G80: 16264.8 | H80: 22.12 | I80: 819.2 | J80: 26.270593 | K80: 13.201303 | L80: 21.747331 | M80: 7615.3317 | N80: 3.3283029 | O80: 635.86489 | P80: 9.4622018 | Q80: 4.7548753 | R80: AGAAUUCA | S80: GGCCUCCCAGAUGGGGGGCC | T80: ((((((((....)))))))) | U80: AGAU | V80: UUUUUUUUUUAC | W80: 1.635805 | X80: 3.8 | Y80: -16.4 | Z80: -1.7 | AA80: -10 | AB80: =1+1/(0.005*EXP(0.6*X80)+6*EXP(0.45*(Z80+AA80-W80))*(1+0.005*EXP(0.6*X80))) -> 16.512151
A81: L1U4H02 | C81: X | E81: CCCGCATGCCATTCGTGGCATGCGGGTTTTCTCTG | F81: 42.9 | G81: 8740 | H81: 17.95 | I81: 426 | J81: 21.000309 | K81: 10.552919 | L81: 11.596551 | M81: 4044.6508 | N81: 1.0606602 | O81: 229.1026 | P81: 1.7994709 | Q81: 0.90425672 | R81: AAGAAUUC | S81: CCCGCAUGCCAUUCGUGGCAUGCGGG | T81: (((((((((((....))))))))))) | U81: UUCG | V81: UUUUCUCUGACU | W81: -2.297255 | X81: 5 | Y81: -21.5 | Z81: -2.6 | AA81: -9 | AB81: =1+1/(0.005*EXP(0.6*X81)+6*EXP(0.45*(Z81+AA81-W81))*(1+0.005*EXP(0.6*X81))) -> 5.9798507
A82: L1U4H07 | E82: GATCCAGCTTCGGCTGGATCTTTTCTCTG | F82: 33.766667 | G82: 10820 | H82: 29.1 | I82: 671.66667 | J82: 19.724017 | K82: 9.9115662 | L82: 9.3500446 | M82: 3179.4968 | N82: 12.696062 | O82: 393.71352 | P82: 9.3213071 | Q82: 4.6840739 | R82: GAAUUCGA | S82: UCCAGCUUCGGCUGGA | T82: ((((((....)))))) | U82: UUCG | V82: UCUUUUCUCUGA | W82: -2.297255 | X82: 0.8 | Y82: -12 | Z82: -5 | AA82: -7.8 | AB82: =1+1/(0.005*EXP(0.6*X82)+6*EXP(0.45*(Z82+AA82-W82))*(1+0.005*EXP(0.6*X82))) -> 17.215736
A83: L1U4H11 | E83: CCCGCTTCGGCGGGTTTTCTCTG | F83: 49.45 | G83: 13550 | H83: 31.15 | I83: 711 | J83: 19.639479 | K83: 9.8690851 | L83: 23.405234 | M83: 3889.0873 | N83: 2.4748737 | O83: 298.39906 | P83: 2.7725948 | Q83: 1.3932637 | R83: AAGAAUUC | S83: CCCGCUUCGGCGGG | T83: (((((....))))) | U83: UUCG | V83: UUUUCUCUGACU | W83: -2.297255 | X83: 0.8 | Y83: -11.6 | Z83: -2.6 | AA83: -9 | AB83: =1+1/(0.005*EXP(0.6*X83)+6*EXP(0.45*(Z83+AA83-W83))*(1+0.005*EXP(0.6*X83))) -> 10.996206
A84: L1U4H08 | E84: CCCGCATGTTCGCATGCGGGTTTTCTCTG | F84: 48.333333 | G84: 11803.333 | H84: 27.533333 | I84: 657.66667 | J84: 18.802251 | K84: 9.4483675 | L84: 24.034628 | M84: 3355.2993 | N84: 2.6652079 | O84: 292.27784 | P84: 3.9297613 | Q84: 1.9747544 | R84: AAGAAUUC | S84: CCCGCAUGUUCGCAUGCGGG | T84: ((((((((....)))))))) | U84: UUCG | V84: UUUUCUCUGACU | W84: -2.297255 | X84: 3.4 | Y84: -14.3 | Z84: -2.6 | AA84: -9 | AB84: =1+1/(0.005*EXP(0.6*X84)+6*EXP(0.45*(Z84+AA84-W84))*(1+0.005*EXP(0.6*X84))) -> 8.5085652
A85: L1U4H01 | E85: TCGGTTACCGCTTCGGCGGTAACCGATTTTCTCTG | F85: 50.8 | G85: 13766.667 | H85: 28.8 | I85: 758 | J85: 18.756739 | K85: 9.4254971 | L85: 1.9078784 | M85: 3370.9544 | N85: 3.1 | O85: 266.81079 | P85: 2.5461888 | Q85: 1.2794918 | R85: AAGAAUUC | S85: UCGGUUACCGCUUCGGCGGUAACCGA | T85: (((((((((((....))))))))))) | U85: UUCG | V85: UUUUCUCUGACU | W85: -2.297255 | X85: 0.8 | Y85: -22.5 | Z85: -2.4 | AA85: -8.1 | AB85: =1+1/(0.005*EXP(0.6*X85)+6*EXP(0.45*(Z85+AA85-W85))*(1+0.005*EXP(0.6*X85))) -> 7.2918161
A86: L1U4H06 | E86: TCGGTTACATGTTCGCATGTAACCGATTTTCTCTG | F86: 38.05 | G86: 8020 | H86: 26.4 | I86: 433.5 | J86: 18.741206 | K86: 9.4176916 | L86: 0.49497475 | M86: 640.63874 | N86: 2.9698485 | O86: 54.447222 | P86: 3.8317079 | Q86: 1.9254813 | R86: AAGAAUUC | S86: UCGGUUACAUGUUCGCAUGUAACCGA | T86: (((((((((((....))))))))))) | U86: UUCG | V86: UUUUCUCUGACU | W86: -2.297255 | X86: 3.4 | Y86: -16.1 | Z86: -2.4 | AA86: -8.1 | AB86: =1+1/(0.005*EXP(0.6*X86)+6*EXP(0.45*(Z86+AA86-W86))*(1+0.005*EXP(0.6*X86))) -> 6.1585087
A87: L2U1H08 | D87: X | E87: TGCCGGGAAGATTCCCGGCATTTTTTTTT | F87: 47.4 | G87: 17450 | H87: 79.5 | I87: 1431.25 | J87: 16.773992 | K87: 8.4291415 | L87: 13.808331 | M87: 7022.286 | N87: 14.65708 | O87: 1141.1131 | P87: 6.5475323 | Q87: 3.2902172 | R87: AAGAAUUC | S87: UGCCGGGAAGAUUCCCGGCA | T87: ((((((((....)))))))) | U87: AGAU | V87: UUUUUUUUUACU | W87: 1.635805 | X87: 5.3 | Y87: -14.4 | Z87: -1 | AA87: -8.8 | AB87: =1+1/(0.005*EXP(0.6*X87)+6*EXP(0.45*(Z87+AA87-W87))*(1+0.005*EXP(0.6*X87))) -> 7.2748743
A88: L2U1H12 | D88: X | E88: CGCCCGCAGATGCGGGCGTTTTTTTTT | F88: 42.85 | G88: 12322 | H88: 51.45 | I88: 807.5 | J88: 16.555992 | K88: 8.3195938 | L88: 4.95 | M88: 5478 | N88: 7.65 | O88: 445.5 | P88: 2.3500858 | Q88: 1.1809476 | R88: AAGAAUUC | S88: CGCCCGCAGAUGCGGGCG | T88: (((((((....))))))) | U88: AGAU | V88: UUUUUUUUUACU | W88: 1.635805 | X88: 3.8 | Y88: -14.4 | Z88: -1.2 | AA88: -9.1 | AB88: =1+1/(0.005*EXP(0.6*X88)+6*EXP(0.45*(Z88+AA88-W88))*(1+0.005*EXP(0.6*X88))) -> 13.79743
A89: L1U4H03 | E89: GATCCAGCCCATTCGTGGGCTGGATCTTTTCTCTG | F89: 42.1 | G89: 14700 | H89: 33.266667 | I89: 1015.3333 | J89: 15.297201 | K89: 7.6870358 | L89: 12.910461 | M89: 3041.3813 | N89: 4.4377171 | O89: 419.99563 | P89: 3.1582006 | Q89: 1.5870355 | R89: GAAUUCGA | S89: UCCAGCCCAUUCGUGGGCUGGA | T89: (((((((((....))))))))) | U89: UUCG | V89: UCUUUUCUCUGA | W89: -2.297255 | X89: 5 | Y89: -16.5 | Z89: -5 | AA89: -7.8 | AB89: =1+1/(0.005*EXP(0.6*X89)+6*EXP(0.45*(Z89+AA89-W89))*(1+0.005*EXP(0.6*X89))) -> 7.2922819
A90: L1U4H04 | E90: CGACGATGCCATTCGTGGCATCGTCGTTTTCTCTG | F90: 48.066667 | G90: 13266.667 | H90: 35.133333 | I90: 994.66667 | J90: 15.147083 | K90: 7.6115997 | L90: 6.2684395 | M90: 3523.2561 | N90: 2.4006943 | O90: 520.54235 | P90: 5.7480882 | Q90: 2.8884866 | R90: AAGAAUUC | S90: CGACGAUGCCAUUCGUGGCAUCGUCG | T90: (((((((((((....))))))))))) | U90: UUCG | V90: UUUUCUCUGACU | W90: -2.297255 | X90: 5 | Y90: -18.8 | Z90: -2.6 | AA90: -7 | AB90: =1+1/(0.005*EXP(0.6*X90)+6*EXP(0.45*(Z90+AA90-W90))*(1+0.005*EXP(0.6*X90))) -> 3.8791357
A91: L1U4H09 | E91: CGACGATGTTCGCATCGTCGTTTTCTCTG | F91: 36.6 | G91: 11700 | H91: 42.833333 | I91: 893 | J91: 13.271735 | K91: 6.6692135 | L91: 8.8791892 | M91: 1509.9669 | N91: 20.727116 | O91: 128.73228 | P91: 2.5176712 | Q91: 1.2651614 | R91: AAGAAUUC | S91: CGACGAUGUUCGCAUCGUCG | T91: ((((((((....)))))))) | U91: UUCG | V91: UUUUCUCUGACU | W91: -2.297255 | X91: 3.4 | Y91: -11.6 | Z91: -2.6 | AA91: -7 | AB91: =1+1/(0.005*EXP(0.6*X91)+6*EXP(0.45*(Z91+AA91-W91))*(1+0.005*EXP(0.6*X91))) -> 4.6839631
A92: L3S1P24 | D92: X | E92: GACGAACAATAACACCCAAATCGGGTGTTTTTTATTGATAACAAAA | F92: 75.933333 | G92: 22933.333 | H92: 52 | I92: 1756.3333 | J92: 13.080733 | K92: 6.5732327 | L92: 7.9939561 | M92: 1817.5075 | N92: 4.8867167 | O92: 123.29369 | P92: 1.0924446 | Q92: 0.54896713 | R92: AACAAUAA | S92: CACCCAAAUCGGGUG | T92: (((((.....))))) | U92: AAAUC | V92: UUUUUUAUUGAU | W92: 0.56495 | X92: 4.1 | Y92: -6.8 | Z92: -2.6 | AA92: -7.6 | AB92: =1+1/(0.005*EXP(0.6*X92)+6*EXP(0.45*(Z92+AA92-W92))*(1+0.005*EXP(0.6*X92))) -> 10.213953
A93: L1U4H05 | E93: CGACGATACCATTCGTGGTATCGTCGTTTTCTCTG | F93: 58.866667 | G93: 14500 | H93: 63.5 | I93: 1265.3333 | J93: 11.612952 | K93: 5.8356542 | L93: 9.9379743 | M93: 2685.1443 | N93: 2.6907248 | O93: 339.25556 | P93: 0.8589507 | Q93: 0.43163352 | R93: AAGAAUUC | S93: CGACGAUACCAUUCGUGGUAUCGUCG | T93: (((((((((((....))))))))))) | U93: UUCG | V93: UUUUCUCUGACU | W93: -2.297255 | X93: 5 | Y93: -16.8 | Z93: -2.6 | AA93: -7 | AB93: =1+1/(0.005*EXP(0.6*X93)+6*EXP(0.45*(Z93+AA93-W93))*(1+0.005*EXP(0.6*X93))) -> 3.8791357
A94: L2U6H06 | E94: CTAAAGCGCCTAACCACGGCGCTTTAGTTTTTTGTA | F94: 47.975 | G94: 15303 | H94: 100.1 | I94: 1793 | J94: 11.476092 | K94: 5.7668802 | L94: 10.637522 | M94: 4819.2559 | N94: 38.982624 | O94: 1120.1652 | P94: 5.6881923 | Q94: 2.8583881 | R94: AAGAAUUC | S94: CUAAAGCGCCUAACCACGGCGCUUUAG | T94: ((((((((((.......)))))))))) | U94: UAACCAC | V94: UUUUUUGUAACU | W94: -0.635615 | X94: 4.5 | Y94: -15.3 | Z94: -0.5 | AA94: -4.3 | AB94: =1+1/(0.005*EXP(0.6*X94)+6*EXP(0.45*(Z94+AA94-W94))*(1+0.005*EXP(0.6*X94))) -> 1.9398492
A95: L2U1H06 | D95: X | E95: CTAAAGCGCCAGATGGCGCTTTAGTTTTTTTTT | F95: 51 | G95: 20450 | H95: 143.325 | I95: 2347.25 | J95: 11.023388 | K95: 5.5393912 | L95: 10.417533 | M95: 5453.6685 | N95: 119.56175 | O95: 1199.6769 | P95: 5.5038177 | Q95: 2.7657375 | R95: AAGAAUUC | S95: CUAAAGCGCCAGAUGGCGCUUUAG | T95: ((((((((((....)))))))))) | U95: AGAU | V95: UUUUUUUUUACU | W95: 1.635805 | X95: 3.8 | Y95: -16 | Z95: -1.2 | AA95: -4.3 | AB95: =1+1/(0.005*EXP(0.6*X95)+6*EXP(0.45*(Z95+AA95-W95))*(1+0.005*EXP(0.6*X95))) -> 4.3049399
A96: L2U2H09 | E96: ACGGCCCTCGCAAGGGCCGTTTTTTTGTA | F96: 47.675 | G96: 16875 | H96: 92.175 | I96: 2104.5 | J96: 10.699988 | K96: 5.3768784 | L96: 11.452374 | M96: 4875.1282 | N96: 15.303982 | O96: 1405.9151 | P96: 4.5342229 | Q96: 2.278504 | R96: AGAAUUCA | S96: CGGCCCUCGCAAGGGCCG | T96: (((((((....))))))) | U96: CGCA | V96: UUUUUUUGUAAC | W96: 0.254605 | X96: 5.4 | Y96: -12.4 | Z96: -1.7 | AA96: -9.1 | AB96: =1+1/(0.005*EXP(0.6*X96)+6*EXP(0.45*(Z96+AA96-W96))*(1+0.005*EXP(0.6*X96))) -> 6.732902
A97: L2U6H09 | E97: ACGGCCCTTAACCACAGGGCCGTTTTTTTGTA | F97: 54.525 | G97: 15214.625 | H97: 112.1125 | I97: 2069.125 | J97: 9.6731015 | K97: 4.860855 | L97: 20.675514 | M97: 7232.5596 | N97: 51.348258 | O97: 1547.4077 | P97: 3.5753999 | Q97: 1.7966834 | R97: AGAAUUCA | S97: CGGCCCUUAACCACAGGGCCG | T97: (((((((.......))))))) | U97: UAACCAC | V97: UUUUUUUGUAAC | W97: 0.254605 | X97: 5.8 | Y97: -12 | Z97: -1.7 | AA97: -9.1 | AB97: =1+1/(0.005*EXP(0.6*X97)+6*EXP(0.45*(Z97+AA97-W97))*(1+0.005*EXP(0.6*X97))) -> 5.7506436
A98: L2U2H06 | E98: CTAAAGCGCCCGCAGGCGCTTTAGTTTTTTGTA | F98: 44.2 | G98: 10869.5 | H98: 98.6 | I98: 1196.5 | J98: 9.5522438 | K98: 4.8001225 | L98: 7.4 | M98: 3430.5 | N98: 19.4 | O98: 499.5 | P98: 1.12064 | Q98: 0.56313568 | R98: AAGAAUUC | S98: CUAAAGCGCCCGCAGGCGCUUUAG | T98: ((((((((((....)))))))))) | U98: CGCA | V98: UUUUUUGUAACU | W98: -0.635615 | X98: 4.6 | Y98: -15.2 | Z98: -0.5 | AA98: -4.3 | AB98: =1+1/(0.005*EXP(0.6*X98)+6*EXP(0.45*(Z98+AA98-W98))*(1+0.005*EXP(0.6*X98))) -> 1.9321068
A99: L1U1H07 | D99: X | E99: GATCCAGCTTCGGCTGGATCTTTTTTTTT | F99: 43.4 | G99: 10940.5 | H99: 105.1 | I99: 1201.5 | J99: 9.082831 | K99: 4.5642367 | L99: 14.424978 | M99: 1922.6233 | N99: 45.113413 | O99: 43.133514 | P99: 1.2741148 | Q99: 0.64025869 | R99: AAGAAUUC | S99: GAUCCAGCUUCGGCUGGAUC | T99: ((((((((....)))))))) | U99: UUCG | V99: UUUUUUUUUACU | W99: 1.635805 | X99: 0.8 | Y99: -16 | Z99: -1.2 | AA99: -5.9 | AB99: =1+1/(0.005*EXP(0.6*X99)+6*EXP(0.45*(Z99+AA99-W99))*(1+0.005*EXP(0.6*X99))) -> 8.888756
A100: L2U6H07 | E100: AGGCCTCCCTAACCACGGGGGGCCTTTTTTTGTA | F100: 45.633333 | G100: 15092.667 | H100: 100.63333 | I100: 2531.6667 | J100: 8.9988484 | K100: 4.5220344 | L100: 11.262129 | M100: 7373.5004 | N100: 11.058129 | O100: 2008.023 | P100: 4.3535283 | Q100: 2.1877027 | R100: AGAAUUCA | S100: GGCCUCCCUAACCACGGGGGGCC | T100: ((((((((.......)))))))) | U100: UAACCAC | V100: UUUUUUUGUAAC | W100: 0.254605 | X100: 4.5 | Y100: -15.7 | Z100: -1.6 | AA100: -10 | AB100: =1+1/(0.005*EXP(0.6*X100)+6*EXP(0.45*(Z100+AA100-W100))*(1+0.005*EXP(0.6*X100))) -> 10.480202
...

Sheet Strength CI
A1: Terminator strength with 95% confidence intervals
A3: Replicates (n) | B3: 3
A4: Confidence level | B4: 0.95
A5: t multiplier | B5: =_xlfn.T.INV.2T(1-B4,B3-1) -> 4.3026527
A7: Rank | B7: Terminator | C7: Strength | D7: SD | E7: CI half-width | F7: Lower 95% | G7: Upper 95% | H7: Lower (plot floor) | I7: Rank | J7: Lower 95% | K7: Strength | L7: Upper 95%
A8: 1 | B8: {=INDEX(Sheet1!$A:$A,267-$A8)} -> L2U5H11 | C8: {=INDEX(Sheet1!$K:$K,267-$A8)} -> 0.32634552 | D8: {=INDEX(Sheet1!$Q:$Q,267-$A8)} -> 0.034643101 | E8: =$B$5*D8/SQRT($B$3) -> 0.086058234 | F8: =C8-E8 -> 0.24028728 | G8: =C8+E8 -> 0.41240375 | H8: =MAX(F8,C8/10) -> 0.24028728 | I8: =A8 -> 1 | J8: =H8 -> 0.24028728 | K8: =C8 -> 0.32634552 | L8: =G8 -> 0.41240375
A9: 2 | B9: {=INDEX(Sheet1!$A:$A,267-$A9)} -> L2U8H06 | C9: {=INDEX(Sheet1!$K:$K,267-$A9)} -> 0.41674123 | D9: {=INDEX(Sheet1!$Q:$Q,267-$A9)} -> 0.21795365 | E9: =$B$5*D9/SQRT($B$3) -> 0.54142688 | F9: =C9-E9 -> -0.12468566 | G9: =C9+E9 -> 0.95816811 | H9: =MAX(F9,C9/10) -> 0.041674123 | I9: =A9 -> 2 | J9: =H9 -> 0.041674123 | K9: =C9 -> 0.41674123 | L9: =G9 -> 0.95816811
A10: 3 | B10: {=INDEX(Sheet1!$A:$A,267-$A10)} -> L2U8H11 | C10: {=INDEX(Sheet1!$K:$K,267-$A10)} -> 0.50268776 | D10: {=INDEX(Sheet1!$Q:$Q,267-$A10)} -> 0.20185248 | E10: =$B$5*D10/SQRT($B$3) -> 0.50142935 | F10: =C10-E10 -> 0.0012584058 | G10: =C10+E10 -> 1.0041171 | H10: =MAX(F10,C10/10) -> 0.050268776 | I10: =A10 -> 3 | J10: =H10 -> 0.050268776 | K10: =C10 -> 0.50268776 | L10: =G10 -> 1.0041171
A11: 4 | B11: {=INDEX(Sheet1!$A:$A,267-$A11)} -> L1U6H10 | C11: {=INDEX(Sheet1!$K:$K,267-$A11)} -> 0.54809905 | D11: {=INDEX(Sheet1!$Q:$Q,267-$A11)} -> 0.12159952 | E11: =$B$5*D11/SQRT($B$3) -> 0.30206995 | F11: =C11-E11 -> 0.24602911 | G11: =C11+E11 -> 0.850169 | H11: =MAX(F11,C11/10) -> 0.24602911 | I11: =A11 -> 4 | J11: =H11 -> 0.24602911 | K11: =C11 -> 0.54809905 | L11: =G11 -> 0.850169
A12: 5 | B12: {=INDEX(Sheet1!$A:$A,267-$A12)} -> L2U8H03 | C12: {=INDEX(Sheet1!$K:$K,267-$A12)} -> 0.5502874 | D12: {=INDEX(Sheet1!$Q:$Q,267-$A12)} -> 0.098301653 | E12: =$B$5*D12/SQRT($B$3) -> 0.24419484 | F12: =C12-E12 -> 0.30609256 | G12: =C12+E12 -> 0.79448225 | H12: =MAX(F12,C12/10) -> 0.30609256 | I12: =A12 -> 5 | J12: =H12 -> 0.30609256 | K12: =C12 -> 0.5502874 | L12: =G12 -> 0.79448225
A13: 6 | B13: {=INDEX(Sheet1!$A:$A,267-$A13)} -> L2U5H01 | C13: {=INDEX(Sheet1!$K:$K,267-$A13)} -> 0.55499239 | D13: {=INDEX(Sheet1!$Q:$Q,267-$A13)} -> 0.053772501 | E13: =$B$5*D13/SQRT($B$3) -> 0.1335783 | F13: =C13-E13 -> 0.42141409 | G13: =C13+E13 -> 0.68857068 | H13: =MAX(F13,C13/10) -> 0.42141409 | I13: =A13 -> 6 | J13: =H13 -> 0.42141409 | K13: =C13 -> 0.55499239 | L13: =G13 -> 0.68857068
A14: 7 | B14: {=INDEX(Sheet1!$A:$A,267-$A14)} -> L2U8H04 | C14: {=INDEX(Sheet1!$K:$K,267-$A14)} -> 0.55899383 | D14: {=INDEX(Sheet1!$Q:$Q,267-$A14)} -> 0.10836041 | E14: =$B$5*D14/SQRT($B$3) -> 0.26918217 | F14: =C14-E14 -> 0.28981166 | G14: =C14+E14 -> 0.828176 | H14: =MAX(F14,C14/10) -> 0.28981166 | I14: =A14 -> 7 | J14: =H14 -> 0.28981166 | K14: =C14 -> 0.55899383 | L14: =G14 -> 0.828176
A15: 8 | B15: {=INDEX(Sheet1!$A:$A,267-$A15)} -> L2U5H03 | C15: {=INDEX(Sheet1!$K:$K,267-$A15)} -> 0.58171528 | D15: {=INDEX(Sheet1!$Q:$Q,267-$A15)} -> 0.019103983 | E15: =$B$5*D15/SQRT($B$3) -> 0.047456924 | F15: =C15-E15 -> 0.53425836 | G15: =C15+E15 -> 0.62917221 | H15: =MAX(F15,C15/10) -> 0.53425836 | I15: =A15 -> 8 | J15: =H15 -> 0.53425836 | K15: =C15 -> 0.58171528 | L15: =G15 -> 0.62917221
A16: 9 | B16: {=INDEX(Sheet1!$A:$A,267-$A16)} -> L1U6H03 | C16: {=INDEX(Sheet1!$K:$K,267-$A16)} -> 0.58229818 | D16: {=INDEX(Sheet1!$Q:$Q,267-$A16)} -> 0.13087092 | E16: =$B$5*D16/SQRT($B$3) -> 0.32510139 | F16: =C16-E16 -> 0.25719679 | G16: =C16+E16 -> 0.90739957 | H16: =MAX(F16,C16/10) -> 0.25719679 | I16: =A16 -> 9 | J16: =H16 -> 0.25719679 | K16: =C16 -> 0.58229818 | L16: =G16 -> 0.90739957
A17: 10 | B17: {=INDEX(Sheet1!$A:$A,267-$A17)} -> L1U6H05 | C17: {=INDEX(Sheet1!$K:$K,267-$A17)} -> 0.58485939 | D17: {=INDEX(Sheet1!$Q:$Q,267-$A17)} -> 0.12635936 | E17: =$B$5*D17/SQRT($B$3) -> 0.31389405 | F17: =C17-E17 -> 0.27096534 | G17: =C17+E17 -> 0.89875344 | H17: =MAX(F17,C17/10) -> 0.27096534 | I17: =A17 -> 10 | J17: =H17 -> 0.27096534 | K17: =C17 -> 0.58485939 | L17: =G17 -> 0.89875344
A18: 11 | B18: {=INDEX(Sheet1!$A:$A,267-$A18)} -> L1U6H09 | C18: {=INDEX(Sheet1!$K:$K,267-$A18)} -> 0.59296851 | D18: {=INDEX(Sheet1!$Q:$Q,267-$A18)} -> 0.059883582 | E18: =$B$5*D18/SQRT($B$3) -> 0.14875906 | F18: =C18-E18 -> 0.44420945 | G18: =C18+E18 -> 0.74172758 | H18: =MAX(F18,C18/10) -> 0.44420945 | I18: =A18 -> 11 | J18: =H18 -> 0.44420945 | K18: =C18 -> 0.59296851 | L18: =G18 -> 0.74172758
A19: 12 | B19: {=INDEX(Sheet1!$A:$A,267-$A19)} -> L2U8H01 | C19: {=INDEX(Sheet1!$K:$K,267-$A19)} -> 0.60562379 | D19: {=INDEX(Sheet1!$Q:$Q,267-$A19)} -> 0.17130186 | E19: =$B$5*D19/SQRT($B$3) -> 0.42553742 | F19: =C19-E19 -> 0.18008638 | G19: =C19+E19 -> 1.0311612 | H19: =MAX(F19,C19/10) -> 0.18008638 | I19: =A19 -> 12 | J19: =H19 -> 0.18008638 | K19: =C19 -> 0.60562379 | L19: =G19 -> 1.0311612
... A272: 265 | B272: {=INDEX(Sheet1!$A:$A,267-$A272)} -> L3S2P21 | C272: {=INDEX(Sheet1!$K:$K,267-$A272)} -> 382.12988 | D272: {=INDEX(Sheet1!$Q:$Q,267-$A272)} -> 18.423991 | E272: =$B$5*D272/SQRT($B$3) -> 45.767731 | F272: =C272-E272 -> 336.36215 | G272: =C272+E272 -> 427.89761 | H272: =MAX(F272,C272/10) -> 336.36215 | I272: =A272 -> 265 | J272: =H272 -> 336.36215 | K272: =C272 -> 382.12988 | L272: =G272 -> 427.89761
